DMA_Central Zone_Calculated_Pressure;DC.DMC000.PT01.PRESSURE
DMA_Northern Zone_Calculated_Pressure;DN.DMC000.PT01.PRESSURE
DMA_South Zone_Calculated_Pressure;DS.DMC000.PT01.PRESSURE
DMA_Central Zone_Area 10_CHA_1_6_Flow;DC.10.DMC001.FT01.FLOW_ACT
DMA_Central Zone_Area 10_CHA_1_7_2_Flow;DC.10.DMC002.FT01.FLOW_ACT
DMA_Central Zone_Area 10_KAN_G_1_7_1_Flow;DC.10.DMC003.FT01.FLOW_ACT
DMA_Central Zone_Area 11_CHA_1_5_Flow;DC.11.DMC001.FT01.FLOW_ACT
DMA_Central Zone_Area 12_CHA_1_7_Flow;DC.12.DMC001.FT01.FLOW_ACT
DMA_Central Zone_Area 12_CHA_1_7_1_Flow;DC.12.DMC002.FT01.FLOW_ACT
DMA_Central Zone_Area 14_CHA_1_11_Flow;DC.14.DMC001.FT01.FLOW_ACT
DMA_Central Zone_Area 19_CHA_1_8_Flow;DC.19.DMC001.FT01.FLOW_ACT
DMA_Central Zone_Area 19_CHA_1_9_Flow;DC.19.DMC002.FT01.FLOW_ACT
DMA_Central Zone_Area 3_LS42_TestUnit_Flow;DC.47.DMC004.FT01.FLOW_ACT
DMA_Central Zone_Area 3_MTU_2_1_Flow;DC.03.DMC001.FT01.FLOW_ACT
DMA_Central Zone_Area 3_MTU_2_1_1_Flow;DC.109.DMC001.FT01.FLOW_ACT
DMA_Central Zone_Area 3_MTU_2_2_Flow;DC.03.DMC002.FT01.FLOW_ACT
DMA_Central Zone_Area 3_MTU_2_3_Flow;DC.03.DMC003.FT01.FLOW_ACT
DMA_Central Zone_Area 33_MTU_1_8_Flow;DC.33.DMC001.FT01.FLOW_ACT
DMA_Central Zone_Area 4_MTU_1_6_Flow;DC.04.DMC001.FT01.FLOW_ACT
DMA_Central Zone_Area 4_MTU_1_7_Flow;DC.04.DMC002.FT01.FLOW_ACT
DMA_Central Zone_Area 41_CHA_1_3_1_Flow;DC.41.DMC001.FT01.FLOW_ACT
DMA_Central Zone_Area 43_CHA_1_3_Flow;DC.43.DMC001.FT01.FLOW_ACT
DMA_Central Zone_Area 43_CHA_1_3_2_Flow;DC.43.DMC002.FT01.FLOW_ACT
DMA_Central Zone_Area 43_CHA_1_4_Flow;DC.43.DMC003.FT01.FLOW_ACT
DMA_Central Zone_Area 43_KAN_G_1_10_Flow;DN.43.DMC001.FT01.FLOW_ACT
DMA_Central Zone_Area 44_CHA_1_1_Flow;DC.44.DMC001.FT01.FLOW_ACT
DMA_Central Zone_Area 47_MTU_1_11_Flow;DC.47.DMC001.FT01.FLOW_ACT
DMA_Central Zone_Area 47_MTU_1_12_Flow;DC.47.DMC002.FT01.FLOW_ACT
DMA_Central Zone_Area 47_MTU_1_9_Flow;DC.47.DMC003.FT01.FLOW_ACT
DMA_Central Zone_Area 57_AIR_G_1_1_Flow;DC.57.DMC001.FT01.FLOW_ACT
DMA_Central Zone_Area 58_AIR_G_1_2_Flow;DC.58.DMC001.FT01.FLOW_ACT
DMA_Central Zone_Area 6_MTU_1_1_Flow;DC.06.DMC001.FT01.FLOW_ACT
DMA_Central Zone_Area 6_MTU_1_3_Flow;DC.06.DMC002.FT01.FLOW_ACT
DMA_Northern Zone_Area 18_CHA_1_10_Flow;DN.18.DMC001.FT01.FLOW_ACT
DMA_Northern Zone_Area 18_CHA_1_10_1_Flow;DN.18.DMC002.FT01.FLOW_ACT
DMA_Northern Zone_Area 18_MTU_1_10_Flow;DN.18.DMC003.FT01.FLOW_ACT
DMA_Northern Zone_Area 18_MTU_1_2_Flow;DN.18.DMC004.FT01.FLOW_ACT
DMA_Northern Zone_Area 25_DZE_1_2_Flow;DN.25.DMC001.FT01.FLOW_ACT
DMA_Northern Zone_Area 25_DZE_1_2_1_Flow;DN.25.DMC002.FT01.FLOW_ACT
DMA_Northern Zone_Area 25_DZE_1_3_Flow;DN.25.DMC003.FT01.FLOW_ACT
DMA_Northern Zone_Area 25_DZE_1_5_Flow;DN.25.DMC004.FT01.FLOW_ACT
DMA_Northern Zone_Area 25_KAN_G_1_13_Flow;DN.25.DMC005.FT01.FLOW_ACT
DMA_Northern Zone_Area 25_KAN_G_1_13_1_Flow;DN.25.DMC009.FT01.FLOW_ACT
DMA_Northern Zone_Area 25_KAN_G_1_14_Flow;DN.25.DMC010.FT01.FLOW_ACT
DMA_Northern Zone_Area 25_KAN_G_1_15_Flow;DN.25.DMC011.FT01.FLOW_ACT
DMA_Northern Zone_Area 25_KAN_G_1_16_Flow;DN.25.DMC012.FT01.FLOW_ACT
DMA_Northern Zone_Area 25_KAN_G_1_17_Flow;DN.25.DMC013.FT01.FLOW_ACT
DMA_Northern Zone_Area 25_KAN_G_1_17_1_Flow;DN.25.DMC006.FT01.FLOW_ACT
DMA_Northern Zone_Area 25_KAN_G_1_17_2_Flow;DN.25.DMC007.FT01.FLOW_ACT
DMA_Northern Zone_Area 25_KAN_G_1_17_3_Flow;DN.25.DMC008.FT01.FLOW_ACT
DMA_Northern Zone_Area 25_KAN_G_1_18_Flow;DN.25.DMC014.FT01.FLOW_ACT
DMA_Northern Zone_Area 25_KAN_G_1_19_Flow;DN.25.DMC015.FT01.FLOW_ACT
DMA_Northern Zone_Area 28_KAN_G_1_5_Flow;DN.28.DMC001.FT01.FLOW_ACT
DMA_Northern Zone_Area 29_KAN_G_1_11_Flow;DN.29.DMC001.FT01.FLOW_ACT
DMA_Northern Zone_Area 30_KAN_G_1_7_Flow;DN.30.DMC001.FT01.FLOW_ACT
DMA_Northern Zone_Area 48_MTU_1_4_Flow;DN.48.DMC001.FT01.FLOW_ACT
DMA_Northern Zone_Area 49_KAN_G_1_12_Flow;DN.49.DMC001.FT01.FLOW_ACT
DMA_Northern Zone_Area 49_KAN_G_1_2_Flow;DN.49.DMC002.FT01.FLOW_ACT
DMA_Northern Zone_Area 49_KAN_G_1_3_Flow;DN.49.DMC003.FT01.FLOW_ACT
DMA_Northern Zone_Area 49_KAN_G_1_4_Flow;DN.49.DMC004.FT01.FLOW_ACT
DMA_Northern Zone_Area 49_KAN_G_1_4_1_Flow;DN.49.DMC005.FT01.FLOW_ACT
DMA_Northern Zone_Area 49_MTU_1_5_Flow;DN.49.DMC006.FT01.FLOW_ACT
DMA_Northern Zone_Area 50_KAN_G_1_1_Flow;DN.50.DMC001.FT01.FLOW_ACT
DMA_Northern Zone_Area 50_KAN_G_1_1_1_Flow;DN.50.DMC002.FT01.FLOW_ACT
DMA_Northern Zone_Area 51_KAN_G_1_6_Flow;DN.51.DMC001.FT01.FLOW_ACT
DMA_Northern Zone_Area 51_KAN_G_1_8_Flow;DN.51.DMC002.FT01.FLOW_ACT
DMA_Northern Zone_Area 99_DZE_2_1_Flow;DN.104.DMC001.FT01.FLOW_ACT
DMA_Northern Zone_Area 99_DZE_2_2_Flow;DN.105.DMC001.FT01.FLOW_ACT
DMA_Northern Zone_Area 99_KAN_G_1_11_1_Flow;DN.112.DMC001.FT01.FLOW_ACT
DMA_Northern Zone_Area 99_KAN_G_1_20_Flow;DN.106.DMC001.FT01.FLOW_ACT
DMA_Northern Zone_Area 99_KAN_G_1_20_1_Flow;DN.107.DMC001.FT01.FLOW_ACT
DMA_Northern Zone_Area 99_SAN_1_Flow;DN.100.DMC001.FT01.FLOW_ACT
DMA_Northern Zone_Area 99_SAN_1_1_Flow;DN.102.DMC001.FT01.FLOW_ACT
DMA_Northern Zone_Area 99_SAN_1_1_2_Flow;DN.103.DMC001.FT01.FLOW_ACT
DMA_Northern Zone_Area 99_SAN_2_Flow;DN.101.DMC001.FT01.FLOW_ACT
DMA_Southern Zone_Area 1_MWE_1_1_Flow;DS.01.DMC001.FT01.FLOW_ACT
DMA_Southern Zone_Area 1_MWE_1_2_Flow;DS.01.DMC002.FT01.FLOW_ACT
DMA_Southern Zone_Area 1_MWE_1_2_1_Flow;DS.01.DMC003.FT01.FLOW_ACT
DMA_Southern Zone_Area 1_MWE_T_1_1_Flow;DS.01.DMC004.FT01.FLOW_ACT
DMA_Southern Zone_Area 2_MWE_1_2_2_Flow;DS.02.DMC001.FT01.FLOW_ACT
DMA_Southern Zone_Area 21_MWE_2_1_Flow;DS.21.DMC001.FT01.FLOW_ACT
DMA_Southern Zone_Area 21_MWE_2_2_Flow;DS.21.DMC002.FT01.FLOW_ACT
DMA_Southern Zone_Area 21_TSA_G_2_1_Flow;DS.21.DMC003.FT01.FLOW_ACT
DMA_Southern Zone_Area 21_TSA_G_2_2_Flow;DS.21.DMC004.FT01.FLOW_ACT
DMA_Southern Zone_Area 22_MWE_T_1_2_Flow;DS.22.DMC001.FT01.FLOW_ACT
DMA_Southern Zone_Area 23_TSA_G_1_Flow;DS.23.DMC001.FT01.FLOW_ACT
DMA_Southern Zone_Area 23_TSA_G_2_Flow;DS.23.DMC002.FT01.FLOW_ACT
DMA_Southern Zone_Area 23_TSA_G_3_Flow;DS.23.DMC003.FT01.FLOW_ACT
DMA_Southern Zone_Area 23_TSA_G_4_Flow;DS.23.DMC004.FT01.FLOW_ACT
DMA_Southern Zone_Area 23_TSA_G_4_1_Flow;DS.23.DMC005.FT01.FLOW_ACT
DMA_Southern Zone_Area 23_TSA_T_1_Flow;DS.23.DMC006.FT01.FLOW_ACT
DMA_Southern Zone_Area 23_TSA_T_2_Flow;DS.23.DMC007.FT01.FLOW_ACT
DMA_Southern Zone_Area 23_TSA_T_3_Flow;DS.23.DMC008.FT01.FLOW_ACT
DMA_Southern Zone_Area 23_TSA_T_3_1_Flow;DS.23.DMC009.FT01.FLOW_ACT
DMA_Southern Zone_Area 24_NGW_1_1_Flow;DS.24.DMC001.FT01.FLOW_ACT
DMA_Southern Zone_Area 35_TSA_G_1_1_Flow;DS.35.DMC001.FT01.FLOW_ACT
DMA_Southern Zone_Area 35_TSA_G_1_2_Flow;DS.35.DMC002.FT01.FLOW_ACT
DMA_Southern Zone_Area 36_MWE_T_1_3_Flow;DS.36.DMC002.FT01.FLOW_ACT
DMA_Southern Zone_Area 36_MWE_T_1_4_Flow;DS.36.DMC001.FT01.FLOW_ACT
DMA_Southern Zone_Area 38_CHI_1_Flow;DS.38.DMC001.FT01.FLOW_ACT
DMA_Southern Zone_Area 38_CHI_2_Flow;DS.38.DMC002.FT01.FLOW_ACT
DMA_Southern Zone_Area 38_CHI_2_1_Flow;DS.38.DMC003.FT01.FLOW_ACT
DMA_Southern Zone_Area 38_CHI_T_1_1_Flow;DS.108.DMC001.FT01.FLOW_ACT
DMA_Southern Zone_Area 7_MWE_2_1_1_Flow;DS.07.DMC001.FT01.FLOW_ACT
DMA_Southern Zone_Area 7_MWE_2_1_2_Flow;DS.07.DMC002.FT01.FLOW_ACT
DMA_Southern Zone_Area 8_MWE_1_2_3_Flow;DS.08.DMC001.FT01.FLOW_ACT
DMA_Southern Zone_Area 8_MWE_2_3_Flow;DS.08.DMC002.FT01.FLOW_ACT
DMA_Southern Zone_Area 98_CHI_2_1_1_Flow;DS.111.DMC001.FT01.FLOW_ACT
DMA_Southern Zone_Area 98_MWE_T_1_4_1_Flow;DS.110.DMC001.FT01.FLOW_ACT
DMA_Central Zone_Calculated_Flow_in;DC.DMC000.FT01.FLOW_ACT
DMA_Northern Zone_Calculated_Flow_in;DN.DMC000.FT01.FLOW_ACT
DMA_South Zone_Calculated_Flow_in;DS.DMC000.FT01.FLOW_ACT
DMA_Central Zone_Calculated_Pressure_max;DC.DMC000.PT02.PRESSURE
DMA_Central Zone_Calculated_Pressure_min;DC.DMC000.PT03.PRESSURE
DMA_Northern Zone_Calculated_Pressure_max;DN.DMC000.PT02.PRESSURE
DMA_Northern Zone_Calculated_Pressure_min;DN.DMC000.PT03.PRESSURE
DMA_South Zone_Calculated_Pressure_max;DS.DMC000.PT02.PRESSURE
DMA_South Zone_Calculated_Pressure_min;DS.DMC000.PT03.PRESSURE
DMA_Central Zone_Calculated_Flow_out;DC.DMC000.FT02.FLOW_ACT
DMA_Northern Zone_Calculated_Flow_out;DN.DMC000.FT02.FLOW_ACT
DMA_South Zone_Calculated_Flow_out;DS.DMC000.FT02.FLOW_ACT
DMA_Central Zone_Area 10_CHA_1_6_Pressure1;DC.10.DMC001.PT01.PRESSURE
DMA_Central Zone_Area 10_CHA_1_7_2_Pressure1;DC.10.DMC002.PT01.PRESSURE
DMA_Central Zone_Area 10_KAN_G_1_7_1_Pressure1;DC.10.DMC003.PT01.PRESSURE
DMA_Central Zone_Area 11_CHA_1_5_Pressure1;DC.11.DMC001.PT01.PRESSURE
DMA_Central Zone_Area 12_CHA_1_7_Pressure1;DC.12.DMC001.PT01.PRESSURE
DMA_Central Zone_Area 12_CHA_1_7_1_Pressure1;DC.12.DMC002.PT01.PRESSURE
DMA_Central Zone_Area 14_CHA_1_11_Pressure1;DC.14.DMC001.PT01.PRESSURE
DMA_Central Zone_Area 19_CHA_1_8_Pressure1;DC.19.DMC001.PT01.PRESSURE
DMA_Central Zone_Area 19_CHA_1_9_Pressure1;DC.19.DMC002.PT01.PRESSURE
DMA_Central Zone_Area 3_LS42_TestUnit_Pressure1;DC.47.DMC004.PT01.PRESSURE
DMA_Central Zone_Area 3_MTU_2_1_Pressure1;DC.03.DMC001.PT01.PRESSURE
DMA_Central Zone_Area 3_MTU_2_1_1_Pressure1;DC.109.DMC001.PT01.PRESSURE
DMA_Central Zone_Area 3_MTU_2_2_Pressure1;DC.03.DMC002.PT01.PRESSURE
DMA_Central Zone_Area 3_MTU_2_3_Pressure1;DC.03.DMC003.PT01.PRESSURE
DMA_Central Zone_Area 33_MTU_1_8_Pressure1;DC.33.DMC001.PT01.PRESSURE
DMA_Central Zone_Area 4_MTU_1_6_Pressure1;DC.04.DMC001.PT01.PRESSURE
DMA_Central Zone_Area 4_MTU_1_7_Pressure1;DC.04.DMC002.PT01.PRESSURE
DMA_Central Zone_Area 41_CHA_1_3_1_Pressure1;DC.41.DMC001.PT01.PRESSURE
DMA_Central Zone_Area 43_CHA_1_3_Pressure1;DC.43.DMC001.PT01.PRESSURE
DMA_Central Zone_Area 43_CHA_1_3_2_Pressure1;DC.43.DMC002.PT01.PRESSURE
DMA_Central Zone_Area 43_CHA_1_4_Pressure1;DC.43.DMC003.PT01.PRESSURE
DMA_Central Zone_Area 43_KAN_G_1_10_Pressure1;DN.43.DMC001.PT01.PRESSURE
DMA_Central Zone_Area 44_CHA_1_1_Pressure1;DC.44.DMC001.PT01.PRESSURE
DMA_Central Zone_Area 47_MTU_1_11_Pressure1;DC.47.DMC001.PT01.PRESSURE
DMA_Central Zone_Area 47_MTU_1_12_Pressure1;DC.47.DMC002.PT01.PRESSURE
DMA_Central Zone_Area 47_MTU_1_9_Pressure1;DC.47.DMC003.PT01.PRESSURE
DMA_Central Zone_Area 57_AIR_G_1_1_Pressure1;DC.57.DMC001.PT01.PRESSURE
DMA_Central Zone_Area 58_AIR_G_1_2_Pressure1;DC.58.DMC001.PT01.PRESSURE
DMA_Central Zone_Area 6_MTU_1_1_Pressure1;DC.06.DMC001.PT01.PRESSURE
DMA_Central Zone_Area 6_MTU_1_3_Pressure1;DC.06.DMC002.PT01.PRESSURE
DMA_Northern Zone_Area 18_CHA_1_10_Pressure1;DN.18.DMC001.PT01.PRESSURE
DMA_Northern Zone_Area 18_CHA_1_10_1_Pressure1;DN.18.DMC002.PT01.PRESSURE
DMA_Northern Zone_Area 18_MTU_1_10_Pressure1;DN.18.DMC003.PT01.PRESSURE
DMA_Northern Zone_Area 18_MTU_1_2_Pressure1;DN.18.DMC004.PT01.PRESSURE
DMA_Northern Zone_Area 25_DZE_1_2_Pressure1;DN.25.DMC001.PT01.PRESSURE
DMA_Northern Zone_Area 25_DZE_1_2_1_Pressure1;DN.25.DMC002.PT01.PRESSURE
DMA_Northern Zone_Area 25_DZE_1_3_Pressure1;DN.25.DMC003.PT01.PRESSURE
DMA_Northern Zone_Area 25_DZE_1_5_Pressure1;DN.25.DMC004.PT01.PRESSURE
DMA_Northern Zone_Area 25_KAN_G_1_13_Pressure1;DN.25.DMC005.PT01.PRESSURE
DMA_Northern Zone_Area 25_KAN_G_1_13_1_Pressure1;DN.25.DMC009.PT01.PRESSURE
DMA_Northern Zone_Area 25_KAN_G_1_14_Pressure1;DN.25.DMC010.PT01.PRESSURE
DMA_Northern Zone_Area 25_KAN_G_1_15_Pressure1;DN.25.DMC011.PT01.PRESSURE
DMA_Northern Zone_Area 25_KAN_G_1_16_Pressure1;DN.25.DMC012.PT01.PRESSURE
DMA_Northern Zone_Area 25_KAN_G_1_17_Pressure1;DN.25.DMC013.PT01.PRESSURE
DMA_Northern Zone_Area 25_KAN_G_1_17_1_Pressure1;DN.25.DMC006.PT01.PRESSURE
DMA_Northern Zone_Area 25_KAN_G_1_17_2_Pressure1;DN.25.DMC007.PT01.PRESSURE
DMA_Northern Zone_Area 25_KAN_G_1_17_3_Pressure1;DN.25.DMC008.PT01.PRESSURE
DMA_Northern Zone_Area 25_KAN_G_1_18_Pressure1;DN.25.DMC014.PT01.PRESSURE
DMA_Northern Zone_Area 25_KAN_G_1_19_Pressure1;DN.25.DMC015.PT01.PRESSURE
DMA_Northern Zone_Area 28_KAN_G_1_5_Pressure1;DN.28.DMC001.PT01.PRESSURE
DMA_Northern Zone_Area 29_KAN_G_1_11_Pressure1;DN.29.DMC001.PT01.PRESSURE
DMA_Northern Zone_Area 30_KAN_G_1_7_Pressure1;DN.30.DMC001.PT01.PRESSURE
DMA_Northern Zone_Area 48_MTU_1_4_Pressure1;DN.48.DMC001.PT01.PRESSURE
DMA_Northern Zone_Area 49_KAN_G_1_12_Pressure1;DN.49.DMC001.PT01.PRESSURE
DMA_Northern Zone_Area 49_KAN_G_1_2_Pressure1;DN.49.DMC002.PT01.PRESSURE
DMA_Northern Zone_Area 49_KAN_G_1_3_Pressure1;DN.49.DMC003.PT01.PRESSURE
DMA_Northern Zone_Area 49_KAN_G_1_4_Pressure1;DN.49.DMC004.PT01.PRESSURE
DMA_Northern Zone_Area 49_KAN_G_1_4_1_Pressure1;DN.49.DMC005.PT01.PRESSURE
DMA_Northern Zone_Area 49_MTU_1_5_Pressure1;DN.49.DMC006.PT01.PRESSURE
DMA_Northern Zone_Area 50_KAN_G_1_1_Pressure1;DN.50.DMC001.PT01.PRESSURE
DMA_Northern Zone_Area 50_KAN_G_1_1_1_Pressure1;DN.50.DMC002.PT01.PRESSURE
DMA_Northern Zone_Area 51_KAN_G_1_6_Pressure1;DN.51.DMC001.PT01.PRESSURE
DMA_Northern Zone_Area 51_KAN_G_1_8_Pressure1;DN.51.DMC002.PT01.PRESSURE
DMA_Northern Zone_Area 99_DZE_2_1_Pressure1;DN.104.DMC001.PT01.PRESSURE
DMA_Northern Zone_Area 99_DZE_2_2_Pressure1;DN.105.DMC001.PT01.PRESSURE
DMA_Northern Zone_Area 99_KAN_G_1_11_1_Pressure1;DN.112.DMC001.PT01.PRESSURE
DMA_Northern Zone_Area 99_KAN_G_1_20_Pressure1;DN.106.DMC001.PT01.PRESSURE
DMA_Northern Zone_Area 99_KAN_G_1_20_1_Pressure1;DN.107.DMC001.PT01.PRESSURE
DMA_Northern Zone_Area 99_SAN_1_Pressure1;DN.100.DMC001.PT01.PRESSURE
DMA_Northern Zone_Area 99_SAN_1_1_Pressure1;DN.102.DMC001.PT01.PRESSURE
DMA_Northern Zone_Area 99_SAN_1_1_2_Pressure1;DN.103.DMC001.PT01.PRESSURE
DMA_Northern Zone_Area 99_SAN_2_Pressure1;DN.101.DMC001.PT01.PRESSURE
DMA_Southern Zone_Area 1_MWE_1_1_Pressure1;DS.01.DMC001.PT01.PRESSURE
DMA_Southern Zone_Area 1_MWE_1_2_Pressure1;DS.01.DMC002.PT01.PRESSURE
DMA_Southern Zone_Area 1_MWE_1_2_1_Pressure1;DS.01.DMC003.PT01.PRESSURE
DMA_Southern Zone_Area 1_MWE_T_1_1_Pressure1;DS.01.DMC004.PT01.PRESSURE
DMA_Southern Zone_Area 2_MWE_1_2_2_Pressure1;DS.02.DMC001.PT01.PRESSURE
DMA_Southern Zone_Area 21_MWE_2_1_Pressure1;DS.21.DMC001.PT01.PRESSURE
DMA_Southern Zone_Area 21_MWE_2_2_Pressure1;DS.21.DMC002.PT01.PRESSURE
DMA_Southern Zone_Area 21_TSA_G_2_1_Pressure1;DS.21.DMC003.PT01.PRESSURE
DMA_Southern Zone_Area 21_TSA_G_2_2_Pressure1;DS.21.DMC004.PT01.PRESSURE
DMA_Southern Zone_Area 22_MWE_T_1_2_Pressure1;DS.22.DMC001.PT01.PRESSURE
DMA_Southern Zone_Area 23_TSA_G_1_Pressure1;DS.23.DMC001.PT01.PRESSURE
DMA_Southern Zone_Area 23_TSA_G_2_Pressure1;DS.23.DMC002.PT01.PRESSURE
DMA_Southern Zone_Area 23_TSA_G_3_Pressure1;DS.23.DMC003.PT01.PRESSURE
DMA_Southern Zone_Area 23_TSA_G_4_Pressure1;DS.23.DMC004.PT01.PRESSURE
DMA_Southern Zone_Area 23_TSA_G_4_1_Pressure1;DS.23.DMC005.PT01.PRESSURE
DMA_Southern Zone_Area 23_TSA_T_1_Pressure1;DS.23.DMC006.PT01.PRESSURE
DMA_Southern Zone_Area 23_TSA_T_2_Pressure1;DS.23.DMC007.PT01.PRESSURE
DMA_Southern Zone_Area 23_TSA_T_3_Pressure1;DS.23.DMC008.PT01.PRESSURE
DMA_Southern Zone_Area 23_TSA_T_3_1_Pressure1;DS.23.DMC009.PT01.PRESSURE
DMA_Southern Zone_Area 24_NGW_1_1_Pressure1;DS.24.DMC001.PT01.PRESSURE
DMA_Southern Zone_Area 35_TSA_G_1_1_Pressure1;DS.35.DMC001.PT01.PRESSURE
DMA_Southern Zone_Area 35_TSA_G_1_2_Pressure1;DS.35.DMC002.PT01.PRESSURE
DMA_Southern Zone_Area 36_MWE_T_1_3_Pressure1;DS.36.DMC002.PT01.PRESSURE
DMA_Southern Zone_Area 36_MWE_T_1_4_Pressure1;DS.36.DMC001.PT01.PRESSURE
DMA_Southern Zone_Area 38_CHI_1_Pressure1;DS.38.DMC001.PT01.PRESSURE
DMA_Southern Zone_Area 38_CHI_2_Pressure1;DS.38.DMC002.PT01.PRESSURE
DMA_Southern Zone_Area 38_CHI_2_1_Pressure1;DS.38.DMC003.PT01.PRESSURE
DMA_Southern Zone_Area 38_CHI_T_1_1_Pressure1;DS.108.DMC001.PT01.PRESSURE
DMA_Southern Zone_Area 7_MWE_2_1_1_Pressure1;DS.07.DMC001.PT01.PRESSURE
DMA_Southern Zone_Area 7_MWE_2_1_2_Pressure1;DS.07.DMC002.PT01.PRESSURE
DMA_Southern Zone_Area 8_MWE_1_2_3_Pressure1;DS.08.DMC001.PT01.PRESSURE
DMA_Southern Zone_Area 8_MWE_2_3_Pressure1;DS.08.DMC002.PT01.PRESSURE
DMA_Southern Zone_Area 98_CHI_2_1_1_Pressure1;DS.111.DMC001.PT01.PRESSURE
DMA_Southern Zone_Area 98_MWE_T_1_4_1_Pressure1;DS.110.DMC001.PT01.PRESSURE
DMA_Central Zone_Area 10_CHA_1_6_Pressure2;DC.10.DMC001.PT02.PRESSURE
DMA_Central Zone_Area 10_CHA_1_7_2_Pressure2;DC.10.DMC002.PT02.PRESSURE
DMA_Central Zone_Area 10_KAN_G_1_7_1_Pressure2;DC.10.DMC003.PT02.PRESSURE
DMA_Central Zone_Area 11_CHA_1_5_Pressure2;DC.11.DMC001.PT02.PRESSURE
DMA_Central Zone_Area 12_CHA_1_7_Pressure2;DC.12.DMC001.PT02.PRESSURE
DMA_Central Zone_Area 12_CHA_1_7_1_Pressure2;DC.12.DMC002.PT02.PRESSURE
DMA_Central Zone_Area 14_CHA_1_11_Pressure2;DC.14.DMC001.PT02.PRESSURE
DMA_Central Zone_Area 19_CHA_1_8_Pressure2;DC.19.DMC001.PT02.PRESSURE
DMA_Central Zone_Area 19_CHA_1_9_Pressure2;DC.19.DMC002.PT02.PRESSURE
DMA_Central Zone_Area 3_LS42_TestUnit_Pressure2;DC.47.DMC004.PT02.PRESSURE
DMA_Central Zone_Area 3_MTU_2_1_Pressure2;DC.03.DMC001.PT02.PRESSURE
DMA_Central Zone_Area 3_MTU_2_1_1_Pressure2;DC.109.DMC001.PT02.PRESSURE
DMA_Central Zone_Area 3_MTU_2_2_Pressure2;DC.03.DMC002.PT02.PRESSURE
DMA_Central Zone_Area 3_MTU_2_3_Pressure2;DC.03.DMC003.PT02.PRESSURE
DMA_Central Zone_Area 33_MTU_1_8_Pressure2;DC.33.DMC001.PT02.PRESSURE
DMA_Central Zone_Area 4_MTU_1_6_Pressure2;DC.04.DMC001.PT02.PRESSURE
DMA_Central Zone_Area 4_MTU_1_7_Pressure2;DC.04.DMC002.PT02.PRESSURE
DMA_Central Zone_Area 41_CHA_1_3_1_Pressure2;DC.41.DMC001.PT02.PRESSURE
DMA_Central Zone_Area 43_CHA_1_3_Pressure2;DC.43.DMC001.PT02.PRESSURE
DMA_Central Zone_Area 43_CHA_1_3_2_Pressure2;DC.43.DMC002.PT02.PRESSURE
DMA_Central Zone_Area 43_CHA_1_4_Pressure2;DC.43.DMC003.PT02.PRESSURE
DMA_Central Zone_Area 43_KAN_G_1_10_Pressure2;DN.43.DMC001.PT02.PRESSURE
DMA_Central Zone_Area 44_CHA_1_1_Pressure2;DC.44.DMC001.PT02.PRESSURE
DMA_Central Zone_Area 47_MTU_1_11_Pressure2;DC.47.DMC001.PT02.PRESSURE
DMA_Central Zone_Area 47_MTU_1_12_Pressure2;DC.47.DMC002.PT02.PRESSURE
DMA_Central Zone_Area 47_MTU_1_9_Pressure2;DC.47.DMC003.PT02.PRESSURE
DMA_Central Zone_Area 57_AIR_G_1_1_Pressure2;DC.57.DMC001.PT02.PRESSURE
DMA_Central Zone_Area 58_AIR_G_1_2_Pressure2;DC.58.DMC001.PT02.PRESSURE
DMA_Central Zone_Area 6_MTU_1_1_Pressure2;DC.06.DMC001.PT02.PRESSURE
DMA_Central Zone_Area 6_MTU_1_3_Pressure2;DC.06.DMC002.PT02.PRESSURE
DMA_Northern Zone_Area 18_CHA_1_10_Pressure2;DN.18.DMC001.PT02.PRESSURE
DMA_Northern Zone_Area 18_CHA_1_10_1_Pressure2;DN.18.DMC002.PT02.PRESSURE
DMA_Northern Zone_Area 18_MTU_1_10_Pressure2;DN.18.DMC003.PT02.PRESSURE
DMA_Northern Zone_Area 18_MTU_1_2_Pressure2;DN.18.DMC004.PT02.PRESSURE
DMA_Northern Zone_Area 25_DZE_1_2_Pressure2;DN.25.DMC001.PT02.PRESSURE
DMA_Northern Zone_Area 25_DZE_1_2_1_Pressure2;DN.25.DMC002.PT02.PRESSURE
DMA_Northern Zone_Area 25_DZE_1_3_Pressure2;DN.25.DMC003.PT02.PRESSURE
DMA_Northern Zone_Area 25_DZE_1_5_Pressure2;DN.25.DMC004.PT02.PRESSURE
DMA_Northern Zone_Area 25_KAN_G_1_13_Pressure2;DN.25.DMC005.PT02.PRESSURE
DMA_Northern Zone_Area 25_KAN_G_1_13_1_Pressure2;DN.25.DMC009.PT02.PRESSURE
DMA_Northern Zone_Area 25_KAN_G_1_14_Pressure2;DN.25.DMC010.PT02.PRESSURE
DMA_Northern Zone_Area 25_KAN_G_1_15_Pressure2;DN.25.DMC011.PT02.PRESSURE
DMA_Northern Zone_Area 25_KAN_G_1_16_Pressure2;DN.25.DMC012.PT02.PRESSURE
DMA_Northern Zone_Area 25_KAN_G_1_17_Pressure2;DN.25.DMC013.PT02.PRESSURE
DMA_Northern Zone_Area 25_KAN_G_1_17_1_Pressure2;DN.25.DMC006.PT02.PRESSURE
DMA_Northern Zone_Area 25_KAN_G_1_17_2_Pressure2;DN.25.DMC007.PT02.PRESSURE
DMA_Northern Zone_Area 25_KAN_G_1_17_3_Pressure2;DN.25.DMC008.PT02.PRESSURE
DMA_Northern Zone_Area 25_KAN_G_1_18_Pressure2;DN.25.DMC014.PT02.PRESSURE
DMA_Northern Zone_Area 25_KAN_G_1_19_Pressure2;DN.25.DMC015.PT02.PRESSURE
DMA_Northern Zone_Area 28_KAN_G_1_5_Pressure2;DN.28.DMC001.PT02.PRESSURE
DMA_Northern Zone_Area 29_KAN_G_1_11_Pressure2;DN.29.DMC001.PT02.PRESSURE
DMA_Northern Zone_Area 30_KAN_G_1_7_Pressure2;DN.30.DMC001.PT02.PRESSURE
DMA_Northern Zone_Area 48_MTU_1_4_Pressure2;DN.48.DMC001.PT02.PRESSURE
DMA_Northern Zone_Area 49_KAN_G_1_12_Pressure2;DN.49.DMC001.PT02.PRESSURE
DMA_Northern Zone_Area 49_KAN_G_1_2_Pressure2;DN.49.DMC002.PT02.PRESSURE
DMA_Northern Zone_Area 49_KAN_G_1_3_Pressure2;DN.49.DMC003.PT02.PRESSURE
DMA_Northern Zone_Area 49_KAN_G_1_4_Pressure2;DN.49.DMC004.PT02.PRESSURE
DMA_Northern Zone_Area 49_KAN_G_1_4_1_Pressure2;DN.49.DMC005.PT02.PRESSURE
DMA_Northern Zone_Area 49_MTU_1_5_Pressure2;DN.49.DMC006.PT02.PRESSURE
DMA_Northern Zone_Area 50_KAN_G_1_1_Pressure2;DN.50.DMC001.PT02.PRESSURE
DMA_Northern Zone_Area 50_KAN_G_1_1_1_Pressure2;DN.50.DMC002.PT02.PRESSURE
DMA_Northern Zone_Area 51_KAN_G_1_6_Pressure2;DN.51.DMC001.PT02.PRESSURE
DMA_Northern Zone_Area 51_KAN_G_1_8_Pressure2;DN.51.DMC002.PT02.PRESSURE
DMA_Northern Zone_Area 99_DZE_2_1_Pressure2;DN.104.DMC001.PT02.PRESSURE
DMA_Northern Zone_Area 99_DZE_2_2_Pressure2;DN.105.DMC001.PT02.PRESSURE
DMA_Northern Zone_Area 99_KAN_G_1_11_1_Pressure2;DN.112.DMC001.PT02.PRESSURE
DMA_Northern Zone_Area 99_KAN_G_1_20_Pressure2;DN.106.DMC001.PT02.PRESSURE
DMA_Northern Zone_Area 99_KAN_G_1_20_1_Pressure2;DN.107.DMC001.PT02.PRESSURE
DMA_Northern Zone_Area 99_SAN_1_Pressure2;DN.100.DMC001.PT02.PRESSURE
DMA_Northern Zone_Area 99_SAN_1_1_Pressure2;DN.102.DMC001.PT02.PRESSURE
DMA_Northern Zone_Area 99_SAN_1_1_2_Pressure2;DN.103.DMC001.PT02.PRESSURE
DMA_Northern Zone_Area 99_SAN_2_Pressure2;DN.101.DMC001.PT02.PRESSURE
DMA_Southern Zone_Area 1_MWE_1_1_Pressure2;DS.01.DMC001.PT02.PRESSURE
DMA_Southern Zone_Area 1_MWE_1_2_Pressure2;DS.01.DMC002.PT02.PRESSURE
DMA_Southern Zone_Area 1_MWE_1_2_1_Pressure2;DS.01.DMC003.PT02.PRESSURE
DMA_Southern Zone_Area 1_MWE_T_1_1_Pressure2;DS.01.DMC004.PT02.PRESSURE
DMA_Southern Zone_Area 2_MWE_1_2_2_Pressure2;DS.02.DMC001.PT02.PRESSURE
DMA_Southern Zone_Area 21_MWE_2_1_Pressure2;DS.21.DMC001.PT02.PRESSURE
DMA_Southern Zone_Area 21_MWE_2_2_Pressure2;DS.21.DMC002.PT02.PRESSURE
DMA_Southern Zone_Area 21_TSA_G_2_1_Pressure2;DS.21.DMC003.PT02.PRESSURE
DMA_Southern Zone_Area 21_TSA_G_2_2_Pressure2;DS.21.DMC004.PT02.PRESSURE
DMA_Southern Zone_Area 22_MWE_T_1_2_Pressure2;DS.22.DMC001.PT02.PRESSURE
DMA_Southern Zone_Area 23_TSA_G_1_Pressure2;DS.23.DMC001.PT02.PRESSURE
DMA_Southern Zone_Area 23_TSA_G_2_Pressure2;DS.23.DMC002.PT02.PRESSURE
DMA_Southern Zone_Area 23_TSA_G_3_Pressure2;DS.23.DMC003.PT02.PRESSURE
DMA_Southern Zone_Area 23_TSA_G_4_Pressure2;DS.23.DMC004.PT02.PRESSURE
DMA_Southern Zone_Area 23_TSA_G_4_1_Pressure2;DS.23.DMC005.PT02.PRESSURE
DMA_Southern Zone_Area 23_TSA_T_1_Pressure2;DS.23.DMC006.PT02.PRESSURE
DMA_Southern Zone_Area 23_TSA_T_2_Pressure2;DS.23.DMC007.PT02.PRESSURE
DMA_Southern Zone_Area 23_TSA_T_3_Pressure2;DS.23.DMC008.PT02.PRESSURE
DMA_Southern Zone_Area 23_TSA_T_3_1_Pressure2;DS.23.DMC009.PT02.PRESSURE
DMA_Southern Zone_Area 24_NGW_1_1_Pressure2;DS.24.DMC001.PT02.PRESSURE
DMA_Southern Zone_Area 35_TSA_G_1_1_Pressure2;DS.35.DMC001.PT02.PRESSURE
DMA_Southern Zone_Area 35_TSA_G_1_2_Pressure2;DS.35.DMC002.PT02.PRESSURE
DMA_Southern Zone_Area 36_MWE_T_1_3_Pressure2;DS.36.DMC002.PT02.PRESSURE
DMA_Southern Zone_Area 36_MWE_T_1_4_Pressure2;DS.36.DMC001.PT02.PRESSURE
DMA_Southern Zone_Area 38_CHI_1_Pressure2;DS.38.DMC001.PT02.PRESSURE
DMA_Southern Zone_Area 38_CHI_2_Pressure2;DS.38.DMC002.PT02.PRESSURE
DMA_Southern Zone_Area 38_CHI_2_1_Pressure2;DS.38.DMC003.PT02.PRESSURE
DMA_Southern Zone_Area 38_CHI_T_1_1_Pressure2;DS.108.DMC001.PT02.PRESSURE
DMA_Southern Zone_Area 7_MWE_2_1_1_Pressure2;DS.07.DMC001.PT02.PRESSURE
DMA_Southern Zone_Area 7_MWE_2_1_2_Pressure2;DS.07.DMC002.PT02.PRESSURE
DMA_Southern Zone_Area 8_MWE_1_2_3_Pressure2;DS.08.DMC001.PT02.PRESSURE
DMA_Southern Zone_Area 8_MWE_2_3_Pressure2;DS.08.DMC002.PT02.PRESSURE
DMA_Southern Zone_Area 98_CHI_2_1_1_Pressure2;DS.111.DMC001.PT02.PRESSURE
DMA_Southern Zone_Area 98_MWE_T_1_4_1_Pressure2;DS.110.DMC001.PT02.PRESSURE
DMA_Central Zone_Calculated_Production;DC.DMC000.FT03.FLOW_ACT
DMA_Northern Zone_Calculated_Production;DN.DMC000.FT03.FLOW_ACT
DMA_South Zone_Calculated_Production;DS.DMC000.FT03.FLOW_ACT
DMA_Central Zone_Calculated_Flow_in;DC.DMC000.FT01.FLOW_TOT
DMA_Northern Zone_Calculated_Flow_in;DN.DMC000.FT01.FLOW_TOT
DMA_South Zone_Calculated_Flow_in;DS.DMC000.FT01.FLOW_TOT
DMA_Central Zone_Calculated_Flow_out;DC.DMC000.FT02.FLOW_TOT
DMA_Northern Zone_Calculated_Flow_out;DN.DMC000.FT02.FLOW_TOT
DMA_South Zone_Calculated_Flow_out;DS.DMC000.FT02.FLOW_TOT
DMA_Central Zone_Calculated_Production;DC.DMC000.FT03.FLOW_TOT
DMA_Northern Zone_Calculated_Production;DN.DMC000.FT03.FLOW_TOT
DMA_South Zone_Calculated_Production;DS.DMC000.FT03.FLOW_TOT
DMA_Central Zone_Area 10_CHA_1_6_Flow;DC.10.DMC001.FT01.FLOW_TOT
DMA_Central Zone_Area 10_CHA_1_7_2_Flow;DC.10.DMC002.FT01.FLOW_TOT
DMA_Central Zone_Area 10_KAN_G_1_7_1_Flow;DC.10.DMC003.FT01.FLOW_TOT
DMA_Central Zone_Area 11_CHA_1_5_Flow;DC.11.DMC001.FT01.FLOW_TOT
DMA_Central Zone_Area 12_CHA_1_7_Flow;DC.12.DMC001.FT01.FLOW_TOT
DMA_Central Zone_Area 12_CHA_1_7_1_Flow;DC.12.DMC002.FT01.FLOW_TOT
DMA_Central Zone_Area 14_CHA_1_11_Flow;DC.14.DMC001.FT01.FLOW_TOT
DMA_Central Zone_Area 19_CHA_1_8_Flow;DC.19.DMC001.FT01.FLOW_TOT
DMA_Central Zone_Area 19_CHA_1_9_Flow;DC.19.DMC002.FT01.FLOW_TOT
DMA_Central Zone_Area 3_LS42_TestUnit_Flow;DC.47.DMC004.FT01.FLOW_TOT
DMA_Central Zone_Area 3_MTU_2_1_Flow;DC.03.DMC001.FT01.FLOW_TOT
DMA_Central Zone_Area 3_MTU_2_1_1_Flow;DC.109.DMC001.FT01.FLOW_TOT
DMA_Central Zone_Area 3_MTU_2_2_Flow;DC.03.DMC002.FT01.FLOW_TOT
DMA_Central Zone_Area 3_MTU_2_3_Flow;DC.03.DMC003.FT01.FLOW_TOT
DMA_Central Zone_Area 33_MTU_1_8_Flow;DC.33.DMC001.FT01.FLOW_TOT
DMA_Central Zone_Area 4_MTU_1_6_Flow;DC.04.DMC001.FT01.FLOW_TOT
DMA_Central Zone_Area 4_MTU_1_7_Flow;DC.04.DMC002.FT01.FLOW_TOT
DMA_Central Zone_Area 41_CHA_1_3_1_Flow;DC.41.DMC001.FT01.FLOW_TOT
DMA_Central Zone_Area 43_CHA_1_3_Flow;DC.43.DMC001.FT01.FLOW_TOT
DMA_Central Zone_Area 43_CHA_1_3_2_Flow;DC.43.DMC002.FT01.FLOW_TOT
DMA_Central Zone_Area 43_CHA_1_4_Flow;DC.43.DMC003.FT01.FLOW_TOT
DMA_Central Zone_Area 43_KAN_G_1_10_Flow;DN.43.DMC001.FT01.FLOW_TOT
DMA_Central Zone_Area 44_CHA_1_1_Flow;DC.44.DMC001.FT01.FLOW_TOT
DMA_Central Zone_Area 47_MTU_1_11_Flow;DC.47.DMC001.FT01.FLOW_TOT
DMA_Central Zone_Area 47_MTU_1_12_Flow;DC.47.DMC002.FT01.FLOW_TOT
DMA_Central Zone_Area 47_MTU_1_9_Flow;DC.47.DMC003.FT01.FLOW_TOT
DMA_Central Zone_Area 57_AIR_G_1_1_Flow;DC.57.DMC001.FT01.FLOW_TOT
DMA_Central Zone_Area 58_AIR_G_1_2_Flow;DC.58.DMC001.FT01.FLOW_TOT
DMA_Central Zone_Area 6_MTU_1_1_Flow;DC.06.DMC001.FT01.FLOW_TOT
DMA_Central Zone_Area 6_MTU_1_3_Flow;DC.06.DMC002.FT01.FLOW_TOT
DMA_Northern Zone_Area 18_CHA_1_10_Flow;DN.18.DMC001.FT01.FLOW_TOT
DMA_Northern Zone_Area 18_CHA_1_10_1_Flow;DN.18.DMC002.FT01.FLOW_TOT
DMA_Northern Zone_Area 18_MTU_1_10_Flow;DN.18.DMC003.FT01.FLOW_TOT
DMA_Northern Zone_Area 18_MTU_1_2_Flow;DN.18.DMC004.FT01.FLOW_TOT
DMA_Northern Zone_Area 25_DZE_1_2_Flow;DN.25.DMC001.FT01.FLOW_TOT
DMA_Northern Zone_Area 25_DZE_1_2_1_Flow;DN.25.DMC002.FT01.FLOW_TOT
DMA_Northern Zone_Area 25_DZE_1_3_Flow;DN.25.DMC003.FT01.FLOW_TOT
DMA_Northern Zone_Area 25_DZE_1_5_Flow;DN.25.DMC004.FT01.FLOW_TOT
DMA_Northern Zone_Area 25_KAN_G_1_13_Flow;DN.25.DMC005.FT01.FLOW_TOT
DMA_Northern Zone_Area 25_KAN_G_1_13_1_Flow;DN.25.DMC009.FT01.FLOW_TOT
DMA_Northern Zone_Area 25_KAN_G_1_14_Flow;DN.25.DMC010.FT01.FLOW_TOT
DMA_Northern Zone_Area 25_KAN_G_1_15_Flow;DN.25.DMC011.FT01.FLOW_TOT
DMA_Northern Zone_Area 25_KAN_G_1_16_Flow;DN.25.DMC012.FT01.FLOW_TOT
DMA_Northern Zone_Area 25_KAN_G_1_17_Flow;DN.25.DMC013.FT01.FLOW_TOT
DMA_Northern Zone_Area 25_KAN_G_1_17_1_Flow;DN.25.DMC006.FT01.FLOW_TOT
DMA_Northern Zone_Area 25_KAN_G_1_17_2_Flow;DN.25.DMC007.FT01.FLOW_TOT
DMA_Northern Zone_Area 25_KAN_G_1_17_3_Flow;DN.25.DMC008.FT01.FLOW_TOT
DMA_Northern Zone_Area 25_KAN_G_1_18_Flow;DN.25.DMC014.FT01.FLOW_TOT
DMA_Northern Zone_Area 25_KAN_G_1_19_Flow;DN.25.DMC015.FT01.FLOW_TOT
DMA_Northern Zone_Area 28_KAN_G_1_5_Flow;DN.28.DMC001.FT01.FLOW_TOT
DMA_Northern Zone_Area 29_KAN_G_1_11_Flow;DN.29.DMC001.FT01.FLOW_TOT
DMA_Northern Zone_Area 30_KAN_G_1_7_Flow;DN.30.DMC001.FT01.FLOW_TOT
DMA_Northern Zone_Area 48_MTU_1_4_Flow;DN.48.DMC001.FT01.FLOW_TOT
DMA_Northern Zone_Area 49_KAN_G_1_12_Flow;DN.49.DMC001.FT01.FLOW_TOT
DMA_Northern Zone_Area 49_KAN_G_1_2_Flow;DN.49.DMC002.FT01.FLOW_TOT
DMA_Northern Zone_Area 49_KAN_G_1_3_Flow;DN.49.DMC003.FT01.FLOW_TOT
DMA_Northern Zone_Area 49_KAN_G_1_4_Flow;DN.49.DMC004.FT01.FLOW_TOT
DMA_Northern Zone_Area 49_KAN_G_1_4_1_Flow;DN.49.DMC005.FT01.FLOW_TOT
DMA_Northern Zone_Area 49_MTU_1_5_Flow;DN.49.DMC006.FT01.FLOW_TOT
DMA_Northern Zone_Area 50_KAN_G_1_1_Flow;DN.50.DMC001.FT01.FLOW_TOT
DMA_Northern Zone_Area 50_KAN_G_1_1_1_Flow;DN.50.DMC002.FT01.FLOW_TOT
DMA_Northern Zone_Area 51_KAN_G_1_6_Flow;DN.51.DMC001.FT01.FLOW_TOT
DMA_Northern Zone_Area 51_KAN_G_1_8_Flow;DN.51.DMC002.FT01.FLOW_TOT
DMA_Northern Zone_Area 99_DZE_2_1_Flow;DN.104.DMC001.FT01.FLOW_TOT
DMA_Northern Zone_Area 99_DZE_2_2_Flow;DN.105.DMC001.FT01.FLOW_TOT
DMA_Northern Zone_Area 99_KAN_G_1_11_1_Flow;DN.112.DMC001.FT01.FLOW_TOT
DMA_Northern Zone_Area 99_KAN_G_1_20_Flow;DN.106.DMC001.FT01.FLOW_TOT
DMA_Northern Zone_Area 99_KAN_G_1_20_1_Flow;DN.107.DMC001.FT01.FLOW_TOT
DMA_Northern Zone_Area 99_SAN_1_Flow;DN.100.DMC001.FT01.FLOW_TOT
DMA_Northern Zone_Area 99_SAN_1_1_Flow;DN.102.DMC001.FT01.FLOW_TOT
DMA_Northern Zone_Area 99_SAN_1_1_2_Flow;DN.103.DMC001.FT01.FLOW_TOT
DMA_Northern Zone_Area 99_SAN_2_Flow;DN.101.DMC001.FT01.FLOW_TOT
DMA_Southern Zone_Area 1_MWE_1_1_Flow;DS.01.DMC001.FT01.FLOW_TOT
DMA_Southern Zone_Area 1_MWE_1_2_Flow;DS.01.DMC002.FT01.FLOW_TOT
DMA_Southern Zone_Area 1_MWE_1_2_1_Flow;DS.01.DMC003.FT01.FLOW_TOT
DMA_Southern Zone_Area 1_MWE_T_1_1_Flow;DS.01.DMC004.FT01.FLOW_TOT
DMA_Southern Zone_Area 2_MWE_1_2_2_Flow;DS.02.DMC001.FT01.FLOW_TOT
DMA_Southern Zone_Area 21_MWE_2_1_Flow;DS.21.DMC001.FT01.FLOW_TOT
DMA_Southern Zone_Area 21_MWE_2_2_Flow;DS.21.DMC002.FT01.FLOW_TOT
DMA_Southern Zone_Area 21_TSA_G_2_1_Flow;DS.21.DMC003.FT01.FLOW_TOT
DMA_Southern Zone_Area 21_TSA_G_2_2_Flow;DS.21.DMC004.FT01.FLOW_TOT
DMA_Southern Zone_Area 22_MWE_T_1_2_Flow;DS.22.DMC001.FT01.FLOW_TOT
DMA_Southern Zone_Area 23_TSA_G_1_Flow;DS.23.DMC001.FT01.FLOW_TOT
DMA_Southern Zone_Area 23_TSA_G_2_Flow;DS.23.DMC002.FT01.FLOW_TOT
DMA_Southern Zone_Area 23_TSA_G_3_Flow;DS.23.DMC003.FT01.FLOW_TOT
DMA_Southern Zone_Area 23_TSA_G_4_Flow;DS.23.DMC004.FT01.FLOW_TOT
DMA_Southern Zone_Area 23_TSA_G_4_1_Flow;DS.23.DMC005.FT01.FLOW_TOT
DMA_Southern Zone_Area 23_TSA_T_1_Flow;DS.23.DMC006.FT01.FLOW_TOT
DMA_Southern Zone_Area 23_TSA_T_2_Flow;DS.23.DMC007.FT01.FLOW_TOT
DMA_Southern Zone_Area 23_TSA_T_3_Flow;DS.23.DMC008.FT01.FLOW_TOT
DMA_Southern Zone_Area 23_TSA_T_3_1_Flow;DS.23.DMC009.FT01.FLOW_TOT
DMA_Southern Zone_Area 24_NGW_1_1_Flow;DS.24.DMC001.FT01.FLOW_TOT
DMA_Southern Zone_Area 35_TSA_G_1_1_Flow;DS.35.DMC001.FT01.FLOW_TOT
DMA_Southern Zone_Area 35_TSA_G_1_2_Flow;DS.35.DMC002.FT01.FLOW_TOT
DMA_Southern Zone_Area 36_MWE_T_1_3_Flow;DS.36.DMC002.FT01.FLOW_TOT
DMA_Southern Zone_Area 36_MWE_T_1_4_Flow;DS.36.DMC001.FT01.FLOW_TOT
DMA_Southern Zone_Area 38_CHI_1_Flow;DS.38.DMC001.FT01.FLOW_TOT
DMA_Southern Zone_Area 38_CHI_2_Flow;DS.38.DMC002.FT01.FLOW_TOT
DMA_Southern Zone_Area 38_CHI_2_1_Flow;DS.38.DMC003.FT01.FLOW_TOT
DMA_Southern Zone_Area 38_CHI_T_1_1_Flow;DS.108.DMC001.FT01.FLOW_TOT
DMA_Southern Zone_Area 7_MWE_2_1_1_Flow;DS.07.DMC001.FT01.FLOW_TOT
DMA_Southern Zone_Area 7_MWE_2_1_2_Flow;DS.07.DMC002.FT01.FLOW_TOT
DMA_Southern Zone_Area 8_MWE_1_2_3_Flow;DS.08.DMC001.FT01.FLOW_TOT
DMA_Southern Zone_Area 8_MWE_2_3_Flow;DS.08.DMC002.FT01.FLOW_TOT
DMA_Southern Zone_Area 98_CHI_2_1_1_Flow;DS.111.DMC001.FT01.FLOW_TOT
DMA_Southern Zone_Area 98_MWE_T_1_4_1_Flow;DS.110.DMC001.FT01.FLOW_TOT
