Airwing reservoir_Calculated_Level;DAWR.CALC.LT01.LEVEL
Airwing reservoir_Reservoir 1_Level;DAWR.DTTRS1.LT01.LEVEL
Airwing reservoir_Reservoir 2_Level;DAWR.DTTRS2.LT01.LEVEL
Airwing reservoir_Water Tower_Level;DAWT.DTTWT1.LT01.LEVEL
Chayamba Reservoir_Calculated_Level;DCHR.CALC.LT01.LEVEL
Chayamba Reservoir_Reservoir 1_Level;DCHR.DTTRS1.LT01.LEVEL
Chikungu Reservoir_Calculated_Level;DCKR.CALC.LT01.LEVEL
Chikungu Reservoir_GT 1_Level;DCKR.DTTRS3.LT01.LEVEL
Chikungu Reservoir_GT 2_Level;DCKR.DTTRS3.LT02.LEVEL
Chikungu Reservoir_Reservoir 1_Level;DCKR.DTTRS1.LT01.LEVEL
Chikungu Reservoir_Reservoir 2_Level;DCKR.DTTRS2.LT01.LEVEL
Kanengo Reservoir_Calculated_Level;DKNR.CALC.LT01.LEVEL
Kanengo Reservoir_Reservoir 1_Level;DKNR.DTTRS1.LT01.LEVEL
Kanengo Reservoir_Reservoir 2_Level;DKNR.DTTRS2.LT01.LEVEL
Kanengo Reservoir_Reservoir 3_Level;DKNR.DTTRS3.LT01.LEVEL
Kanengo Reservoir_Reservoir 4_Level;DKNR.DTTRS4.LT01.LEVEL
Lumbadzi Booster_Reservoir 1_Level;DLBB.DTTRS1.LT01.LEVEL
Mtunthama Reservoir_Calculated_Level;DMTR.CALC.LT01.LEVEL
Mtunthama Reservoir_Reservoir 1_Level;DMTR.DTTRS1.LT01.LEVEL
Mtunthama Reservoir_Reservoir 2_Level;DMTR.DTTRS2.LT01.LEVEL
Mtunthama Reservoir_Reservoir 3_Level;DMTR.DTTRS3.LT01.LEVEL
Mwenda Reservoir_Calculated_Level;DMWR.CALC.LT01.LEVEL
Mwenda Reservoir_GT 1_Level;DMWR.DTTRS3.LT01.LEVEL
Mwenda Reservoir_GT 2_Level;DMWR.DTTRS3.LT02.LEVEL
Mwenda Reservoir_Reservoir 1_Level;DMWR.DTTRS1.LT01.LEVEL
Mwenda Reservoir_Reservoir 2_Level;DMWR.DTTRS2.LT01.LEVEL
Ngwenya Reservoir_Calculated_Level;DNGR.CALC.LT01.LEVEL
Ngwenya Reservoir_Reservoir 1_Level;DNGR.DTTRS1.LT01.LEVEL
Ngwenya Reservoir_Reservoir 2_Level;DNGR.DTTRS2.LT01.LEVEL
Sandula Reservoir_Reservoir 1_Level;DSAR.DTTRS1.LT01.LEVEL
Treatment Works 1-A_Treated water sump reservoir 1_Level;TW1A.DTSRS1.LT01.LEVEL
Treatment Works 1-B_Treated water sump reservoir 1_Level;TW1B.DTSRS1.LT01.LEVEL
Treatment Works 1-C_Treated water sump reservoir 1_Level;TW1C.DTSRS1.LT01.LEVEL
Treatment Works 2-E_Raw water sump reservoir_Level;TW2E.RRSRS1.LT01.LEVEL
Treatment Works 2-F_Raw water sump reservoir_Level;TW2F.RRSRS1.LT01.LEVEL
Treatment Works 2-G_Raw water sump reservoir_Level;TW2G.RRSRS1.LT01.LEVEL
Treatment Works 2-X_Treated water sump reservoir 1_Level;TW2X.DTSRS1.LT01.LEVEL
Treatment Works Bunda_Treated water sump reservoir 1_Level;TWBU.DTSRS1.LT01.LEVEL
Tsabango Reservoir_Calculated_Level;DTSR.CALC.LT01.LEVEL
Tsabango Reservoir_Reservoir 1_Level;DTSR.DTTRS1.LT01.LEVEL
